{
    "loss": 0.6416052579879761,
    "accuracy": 0.9396551847457886
}