{
<<<<<<< HEAD
    "loss": 0.6416052579879761,
    "accuracy": 0.9396551847457886
=======
<<<<<<< HEAD
    "loss": 0.7477464079856873,
    "accuracy": 0.9224137663841248
=======
    "loss": 0.48751315474510193,
    "accuracy": 0.9482758641242981
>>>>>>> 413fc30a4485cd57ca6edba15a836356c7dbe2d7
>>>>>>> 40348f2b25f982939d8af26b442903539fa9d1dc
}