{
    "loss": 0.48751315474510193,
    "accuracy": 0.9482758641242981
}