{
    "loss": 0.7477464079856873,
    "accuracy": 0.9224137663841248
}