{
<<<<<<< HEAD
    "loss": 0.7477464079856873,
    "accuracy": 0.9224137663841248
=======
    "loss": 0.48751315474510193,
    "accuracy": 0.9482758641242981
>>>>>>> 413fc30a4485cd57ca6edba15a836356c7dbe2d7
}